firstName,lastName,email,password
shjd3jks,ahask3sja,ashajkwww3wqwj@gmail.com,hja3ssaak
shjdsdjks,ahaffsskja,ashajwfwwwwkj@gmail.com,hjars9saak
shjdsdjks,ahasskja,ashajwwwkj@gmail.com,hjass9aak
shjdddjks,ahasskja,ashajwwwkj@gmail.com,hjas9saak
ddddmba,ahaskjsa,ashajwkj@gmail.com,hjassaa88k
shjdssjhjks,ahassskja,ashwajkj@gmail.com,hja99ssaak
shjdssjks,ahaskjsa,ashajkwwj@gmail.com,hjas99saak
shjdshhsjks,ahasksja,ashassjkj@gmail.com,hja99ssaak
shjdssjks,ahasksja,ashajsskj@gmail.com,hjass994aak
hagdskasa,sahjdsjk,saghdsksahjas@gmail.com,jashsakgdsja
hjdsjdhfdkds,jdsgahdkjahj,dgfsjgdahk@gmail.com,jsgfhakjfgasjfhk
shahrukh,khan,shahrukhkhan12@gmail.com,shahrukhkhan
okay,with,okaywith12@gmail.com,okaywith
ghfyguj,fxfggukhvhgf,gfxhjhhjg@gmail.com,zxfcvjbvfds
